words,links,capital_words,spam_word_count,is_spam
750,2,13,6,1
306,1,6,0,0
798,5,12,7,1
888,7,9,8,1
994,2,10,6,1
283,4,2,2,0
41,2,0,2,0
784,2,5,10,1
279,5,2,2,0
542,2,22,3,1
259,4,0,1,0
171,1,3,1,0
174,4,14,8,1
926,3,22,5,1
181,2,1,2,0
837,5,2,6,1
641,1,8,7,1
447,6,21,9,1
166,0,9,0,0
164,3,0,2,0
366,6,12,8,1
559,4,19,4,1
83,4,2,1,0
360,3,0,1,0
446,8,3,10,1
29,0,1,2,0
123,1,3,1,0
929,7,19,1,1
361,0,3,0,0
186,0,2,1,0
281,0,30,4,1
197,2,3,5,0
193,6,1,8,1
665,6,23,2,1
314,0,2,0,0
85,4,16,10,1
96,1,2,6,0
849,7,0,4,1
184,4,1,2,0
369,0,3,2,0
124,2,0,2,0
127,0,4,0,0
179,2,3,0,0
388,1,9,8,1
240,8,0,9,1
90,2,1,1,0
904,3,5,2,1
632,8,28,8,1
144,0,8,2,0
757,9,30,3,1
53,0,1,1,0
226,0,3,0,0
124,9,7,6,1
957,3,19,8,1
304,0,4,1,0
220,1,2,2,0
923,2,26,10,1
236,1,19,3,1
162,9,21,4,1
239,1,1,2,0
163,5,0,1,0
46,2,0,0,0
27,4,2,4,0
130,3,13,5,1
515,7,29,2,1
752,6,24,3,1
35,2,3,0,0
256,2,3,2,0
209,3,3,3,0
217,8,24,2,1
74,0,2,0,0
34,2,1,0,0
73,8,11,9,1
547,1,14,3,1
912,9,5,9,1
177,10,11,7,1
203,2,2,5,0
280,0,2,6,0
190,2,27,9,1
835,5,18,10,1
146,3,11,4,1
134,4,15,7,1
456,7,24,9,1
119,2,10,1,0
59,0,2,1,0
379,3,14,10,1
250,2,3,1,0
565,10,14,10,1
129,3,14,3,1
447,2,0,0,0
892,7,3,4,1
108,6,9,2,1
268,5,5,6,1
900,9,6,6,1
616,2,13,6,1
106,1,3,0,0
451,1,2,1,0
438,4,1,0,0
202,3,8,6,1
531,3,17,7,1
86,2,3,1,0
383,0,3,1,0
243,1,5,2,0
271,1,0,2,0
599,2,18,9,1
159,5,0,2,0
142,5,4,2,1
299,9,2,3,1
165,1,2,0,0
552,0,13,4,1
874,8,5,8,1
129,2,0,1,0
65,1,2,1,0
46,1,0,2,0
295,4,3,0,0
119,2,0,5,0
371,0,4,6,1
45,2,0,1,0
118,1,1,2,0
136,6,18,4,1
92,0,1,2,0
500,4,18,3,1
258,1,3,1,0
405,0,5,2,1
216,0,6,6,0
530,10,21,7,1
596,1,5,0,1
149,2,0,0,0
411,2,3,2,0
835,8,6,8,1
279,0,1,0,0
536,0,13,6,1
776,7,28,7,1
254,8,5,5,1
750,10,9,3,1
66,1,3,2,0
383,4,2,2,0
118,4,6,10,1
470,1,3,1,0
200,1,18,6,1
188,1,7,0,0
94,0,1,2,0
229,0,4,1,0
350,9,7,1,1
732,4,11,1,1
73,0,0,0,0
253,3,18,7,1
77,3,3,2,0
404,5,10,1,1
435,2,0,1,0
814,7,7,7,1
327,7,0,9,1
40,4,3,0,0
850,6,22,10,1
338,2,1,2,0
100,7,20,5,1
283,1,1,1,0
291,1,2,4,0
161,3,9,3,1
189,4,2,0,0
655,7,10,1,1
226,1,10,1,0
701,4,7,7,1
707,9,17,8,1
381,4,6,2,0
208,1,5,2,0
755,9,6,6,1
258,1,1,1,0
285,0,0,2,0
234,2,2,1,0
884,9,30,10,1
259,10,20,7,1
46,0,3,2,0
171,1,2,0,0
158,9,25,9,1
120,5,15,5,1
335,2,1,1,0
496,2,3,0,0
493,3,1,4,0
135,0,3,0,1
125,1,1,0,0
99,4,2,0,0
131,2,6,6,1
891,3,18,4,1
178,2,1,2,0
125,2,3,6,0
978,6,3,3,1
217,5,0,1,0
129,6,20,1,1
227,3,1,1,0
184,5,1,2,0
291,0,3,0,0
188,6,19,7,1
165,1,2,1,0
118,1,7,0,0
832,4,25,7,1
548,5,2,10,1
131,0,3,2,0
738,3,2,8,1
248,0,12,6,1
495,10,30,10,1
338,8,7,8,1
741,2,21,8,1
29,0,2,0,0
155,2,1,3,0
150,5,3,2,0
141,7,19,3,1
493,3,0,2,0
88,0,1,1,0
319,1,3,2,0
149,5,21,9,1
160,9,0,3,1
459,7,27,3,1
25,1,2,1,0
249,0,2,4,0
159,1,1,1,0
267,5,2,1,0
121,5,3,0,0
51,2,1,0,0
882,7,21,3,1
294,0,2,6,0
133,0,20,6,1
213,2,10,4,0
992,1,18,1,1
188,1,1,1,0
80,3,13,6,1
947,8,23,4,1
961,9,30,6,1
403,3,4,4,1
429,0,3,2,0
257,1,10,1,0
359,0,2,2,0
237,8,10,3,1
658,3,16,10,1
342,1,2,0,0
988,8,13,10,1
597,10,4,7,1
300,5,3,6,1
667,1,1,7,1
92,1,1,1,0
748,3,22,3,1
529,3,0,8,1
140,3,24,8,1
51,3,3,0,0
475,0,0,2,0
268,0,0,0,0
243,2,2,4,0
75,1,0,2,0
267,1,4,1,0
109,1,2,2,0
656,6,27,3,1
145,1,3,0,0
250,0,2,2,0
312,3,3,2,0
149,1,3,2,0
387,3,19,3,1
126,4,3,1,0
204,2,2,2,0
816,9,12,5,1
451,1,29,10,1
143,4,0,8,1
574,10,21,7,1
206,0,2,2,0
261,2,0,2,0
138,0,4,1,0
107,6,24,0,1
35,0,2,1,0
104,2,3,0,0
83,2,1,0,0
82,0,24,6,1
197,9,6,3,1
386,10,26,2,1
284,1,1,0,0
182,2,0,2,0
622,7,9,1,1
57,2,0,5,0
197,3,3,2,0
187,2,3,0,0
160,1,1,2,0
714,9,30,7,1
53,1,3,2,0
210,0,0,4,0
552,4,23,9,1
174,1,2,2,0
495,5,1,5,0
405,5,4,9,1
175,1,3,1,0
231,9,22,5,1
280,0,7,0,0
211,5,3,1,0
765,1,26,10,1
185,0,3,0,0
199,2,22,4,1
141,1,0,3,1
153,5,10,0,0
247,2,0,1,0
619,2,29,8,1
226,4,8,9,1
902,7,9,1,1
34,1,2,0,0
71,2,2,1,0
99,10,8,7,1
191,6,19,8,1
224,1,0,2,0
194,10,27,5,1
829,1,6,6,1
177,4,22,2,1
201,2,1,2,0
192,3,16,3,1
155,2,25,8,1
263,0,2,2,0
170,10,2,6,1
710,8,12,9,1
230,2,3,1,0
971,0,13,3,1
279,2,3,5,1
133,3,20,1,1
484,2,1,3,0
167,2,0,1,0
235,1,3,2,0
165,3,4,0,0
37,2,2,0,0
908,5,4,8,1
639,3,17,3,1
253,2,6,2,0
218,6,18,9,1
23,4,2,6,0
247,0,2,5,0
165,0,2,0,0
910,1,7,4,1
195,5,23,2,1
771,0,12,8,1
300,1,3,0,0
649,9,5,9,1
65,1,5,2,0
506,10,9,10,1
74,1,0,2,0
219,0,0,2,0
140,8,25,7,1
162,2,1,1,0
163,0,10,2,0
468,7,20,0,1
557,2,25,1,1
898,9,8,4,1
909,7,5,2,1
147,7,25,5,1
841,2,28,8,1
215,1,1,0,0
188,2,24,8,1
596,7,5,8,1
842,2,23,0,1
161,5,8,6,1
916,6,22,7,1
914,10,5,10,1
676,5,24,5,1
188,1,3,0,0
119,5,23,1,1
78,3,3,9,1
286,2,1,2,0
50,0,1,0,0
361,3,14,10,1
218,0,1,6,1
133,2,1,0,1
717,5,30,4,1
981,3,13,7,1
283,8,30,1,1
145,1,3,2,0
806,7,19,3,1
97,0,3,0,0
96,0,1,6,0
72,2,0,2,0
997,2,17,4,1
248,4,10,1,0
21,0,6,1,0
323,3,25,3,1
363,8,9,9,1
32,2,3,2,0
672,5,23,4,1
545,10,7,0,1
760,10,9,7,1
935,9,17,10,1
400,0,0,1,0
168,3,21,3,1
730,3,17,10,1
807,7,3,7,1
143,9,27,4,1
60,0,0,0,0
121,7,5,8,1
274,1,2,2,0
133,0,1,0,0
828,8,12,4,1
558,3,5,0,1
234,4,25,5,1
299,8,0,10,1
153,0,3,2,0
22,1,1,2,0
503,10,13,3,1
317,2,0,2,0
171,1,0,5,1
244,5,7,3,1
140,8,26,8,1
825,3,22,10,1
490,1,2,6,0
260,0,3,5,0
225,2,27,10,1
244,2,1,1,0
475,4,15,8,1
911,3,18,8,1
185,0,2,2,0
792,4,1,4,1
272,5,20,5,1
214,1,2,3,0
341,3,11,8,1
967,9,19,9,1
220,5,3,1,0
573,2,27,5,1
608,4,29,2,1
295,1,2,5,0
200,0,0,2,0
97,0,0,0,0
122,1,3,1,0
676,4,9,4,1
343,10,21,9,1
355,1,4,6,0
40,1,10,3,0
290,4,0,0,0
951,9,2,4,1
875,8,9,0,1
601,5,14,0,1
92,1,7,0,0
891,8,5,2,1
209,1,2,0,0
326,1,0,1,0
892,7,24,8,1
277,1,6,4,1
217,0,0,1,0
682,3,13,10,1
261,2,2,2,0
64,0,0,2,0
197,1,1,4,0
286,0,9,1,0
363,0,2,0,0
725,8,3,9,1
612,6,9,0,1
630,8,27,5,1
57,7,5,1,1
185,5,3,2,0
961,2,23,6,1
672,10,7,10,1
192,0,29,4,1
35,2,6,4,0
156,2,2,1,0
741,3,13,10,1
166,0,1,3,0
189,5,5,7,1
965,1,11,6,1
717,8,22,7,1
210,2,6,3,1
178,0,1,0,0
501,2,9,8,1
402,3,4,10,1
243,5,9,4,1
881,5,26,4,1
715,8,14,7,1
789,10,8,9,1
825,5,5,0,1
246,2,2,2,0
706,4,6,7,1
179,9,29,3,1
252,2,1,1,0
95,1,3,1,0
336,3,27,0,1
83,3,0,0,0
169,9,12,8,1
786,4,6,5,1
699,3,5,3,1
123,9,2,3,1
314,8,28,2,1
275,0,1,0,0
370,1,1,0,0
195,2,5,0,1
382,5,4,9,1
285,2,6,2,0
108,1,4,0,0
84,1,14,10,1
591,1,18,9,1
191,0,3,2,0
601,2,25,5,1
244,2,2,4,0
93,1,3,0,0
134,2,16,2,1
559,10,21,10,1
759,8,11,8,1
282,2,1,0,0
339,5,19,9,1
159,2,3,0,0
152,2,23,10,1
453,3,1,0,0
368,1,13,4,1
178,3,20,3,1
802,2,15,3,1
58,3,1,10,1
138,6,26,0,1
877,9,20,5,1
194,2,3,3,0
73,3,1,0,0
214,0,3,1,0
250,9,4,2,1
57,5,16,6,1
905,5,5,7,1
298,3,1,2,0
48,0,1,5,0
649,6,2,0,1
180,1,4,1,0
57,5,12,7,1
123,7,3,3,1
250,10,29,5,1
702,2,4,7,1
141,0,12,4,1
638,6,21,1,1
359,9,2,6,1
308,4,1,1,1
76,4,0,2,0
326,1,2,0,0
438,1,1,1,0
283,3,3,0,0
415,2,3,1,0
328,10,1,4,1
73,4,3,0,0
897,7,4,10,1
283,0,2,0,0
111,1,3,1,0
959,3,28,4,1
43,0,0,0,0
460,2,9,8,1
712,7,23,10,1
241,2,3,1,0
27,2,2,0,0
842,2,16,4,1
972,7,13,5,1
48,1,0,0,0
433,4,3,10,1
109,3,2,0,1
122,2,3,2,0
174,1,0,4,1
90,0,2,2,0
296,0,0,5,0
115,1,3,1,0
917,2,17,3,1
100,0,3,1,0
165,1,0,0,0
259,2,7,7,1
299,5,27,10,1
112,1,2,0,0
719,4,5,5,1
145,2,3,0,0
440,4,4,2,0
979,8,28,5,1
161,6,22,3,1
296,2,8,1,0
530,10,11,9,1
206,0,0,0,0
92,1,2,0,0
635,7,23,1,1
266,2,5,4,0
296,10,0,10,1
138,7,30,3,1
900,3,13,3,1
110,0,3,1,0
232,1,2,1,0
285,1,2,1,0
884,4,5,8,1
261,10,27,6,1
171,4,8,2,0
260,8,5,4,1
74,0,2,0,0
487,0,2,1,0
388,5,17,5,1
108,4,3,0,0
151,2,2,4,0
231,1,2,6,0
468,9,12,7,1
32,0,4,2,0
778,3,10,3,1
170,10,26,6,1
997,4,30,3,1
826,7,5,0,1
186,2,2,2,0
459,1,0,2,0
994,8,16,0,1
176,1,6,2,0
381,1,1,0,0
289,0,14,6,1
64,9,24,2,1
395,10,13,3,1
274,1,1,0,0
233,1,0,1,0
112,2,6,0,0
198,2,9,2,0
351,4,27,2,1
102,6,19,7,1
394,8,25,8,1
415,3,19,9,1
181,2,12,2,1
38,1,0,1,0
908,2,27,9,1
135,3,23,9,1
698,8,14,0,1
866,3,15,3,1
124,2,0,8,1
140,1,2,2,0
192,1,3,0,0
211,1,2,2,0
710,0,26,4,1
137,1,3,0,0
237,2,3,6,0
80,4,19,6,1
204,2,3,0,0
66,2,0,6,0
208,3,19,8,1
436,9,29,5,1
778,4,28,6,1
183,2,0,1,0
426,0,2,1,0
599,4,15,10,1
273,1,1,2,0
554,5,7,6,1
614,9,21,4,1
163,6,23,3,1
160,9,20,0,1
186,6,12,4,1
754,2,12,5,1
132,1,2,1,0
65,6,16,10,1
149,3,5,10,1
300,1,1,5,0
147,2,21,5,1
25,0,2,0,0
208,1,2,0,0
938,9,6,3,1
454,2,0,5,0
226,3,19,4,1
116,1,5,0,0
425,3,13,5,1
130,8,18,8,1
132,6,14,7,1
955,6,10,8,1
166,2,0,1,0
431,1,1,2,0
668,8,5,3,1
291,1,3,1,0
175,2,3,1,0
447,10,5,4,1
465,2,3,2,0
23,3,0,1,0
236,0,2,0,0
251,3,27,6,1
64,9,21,5,1
189,2,2,2,0
158,9,12,7,1
176,0,2,0,0
460,4,0,1,0
452,6,12,6,1
76,1,2,0,0
869,3,26,6,1
51,1,2,0,0
892,9,20,3,1
100,3,27,10,1
109,1,5,2,0
642,5,6,6,1
62,0,3,2,0
170,2,2,2,0
176,1,2,1,0
984,6,20,4,1
242,1,1,3,0
195,10,25,3,1
119,1,0,3,0
316,3,0,7,1
101,0,1,6,0
99,1,0,2,0
147,0,2,0,0
626,7,4,4,1
103,0,0,1,0
110,3,0,2,0
106,7,8,3,1
442,4,2,10,1
60,4,0,0,0
140,2,0,1,0
259,3,3,2,0
182,1,1,1,0
249,7,10,9,1
439,5,7,7,1
352,4,15,4,1
431,9,21,2,1
280,1,0,1,0
137,7,18,7,1
393,4,6,9,1
155,9,30,1,1
203,2,2,0,0
482,3,16,6,1
339,2,1,2,0
186,0,2,1,0
140,0,3,2,0
431,1,18,10,1
129,10,1,5,1
99,2,16,9,1
148,0,0,2,0
809,3,5,10,1
113,2,9,2,0
574,4,27,8,1
278,0,1,4,0
793,3,20,3,1
226,0,25,8,1
170,4,20,7,1
977,7,8,4,1
647,7,22,9,1
390,2,3,6,0
514,2,11,3,1
289,0,1,1,0
122,2,2,2,0
758,7,28,0,1
779,0,6,2,1
116,1,11,0,1
221,1,0,0,0
178,0,9,3,0
162,9,4,10,1
337,1,4,3,1
966,10,20,10,1
245,4,16,0,1
375,2,0,2,0
153,5,0,0,0
296,3,17,0,1
839,1,27,10,1
521,7,25,2,1
157,1,2,0,0
153,0,3,1,0
136,2,0,5,0
30,4,1,1,0
83,8,14,8,1
210,5,2,1,0
690,2,11,8,1
247,1,3,0,0
471,6,5,5,1
290,1,2,2,0
160,2,2,0,0
65,2,2,2,0
141,0,1,1,0
182,2,0,5,0
262,0,3,0,0
148,1,0,2,0
160,1,1,0,0
446,1,0,2,0
443,0,0,1,0
657,5,28,3,1
282,1,1,1,0
85,0,3,1,0
121,0,9,6,0
724,5,3,5,1
321,9,11,6,1
762,2,25,2,1
316,8,11,8,1
99,2,2,2,0
290,0,9,3,0
255,2,1,1,0
806,10,23,7,1
112,3,13,7,1
171,1,1,1,0
294,2,3,0,0
33,2,0,5,0
242,0,0,2,0
703,9,27,3,1
168,4,6,0,1
271,1,3,6,0
116,2,3,1,0
299,0,2,0,0
74,0,1,1,0
198,3,19,4,1
120,7,5,2,1
892,5,6,5,1
105,7,21,3,1
430,7,5,9,1
145,6,17,7,1
44,0,0,2,0
261,1,2,2,0
345,2,1,1,0
493,4,30,2,1
560,5,17,3,1
119,2,3,1,0
65,5,2,2,0
119,5,1,6,0
304,3,25,8,1
35,1,0,2,0
71,2,0,1,0
478,0,9,9,1
159,1,0,2,0
109,2,5,2,1
184,2,3,1,0
100,2,1,2,0
157,0,23,8,1
139,1,0,3,0
211,1,2,4,0
171,4,3,0,0
259,3,3,3,0
207,0,8,1,0
316,8,22,4,1
153,4,1,1,0
335,0,10,9,1
237,1,9,2,0
223,0,0,1,0
349,3,6,10,1
133,1,5,0,0
245,4,8,1,0
130,0,1,2,0
259,1,3,0,0
276,8,14,6,1
283,0,2,1,0
250,2,8,1,0
268,2,1,1,0
286,1,7,4,0
856,3,1,6,1
888,2,10,0,1
294,7,27,3,1
374,4,18,8,1
81,6,3,2,1
159,1,8,0,0
183,5,2,0,0
212,0,0,2,0
238,2,2,1,0
862,3,5,5,1
226,5,8,2,0
613,2,10,9,1
195,0,7,1,0
201,2,9,2,0
125,6,24,5,1
25,0,2,0,0
534,1,29,3,1
231,3,9,9,1
980,2,9,9,1
202,0,2,0,0
129,1,8,2,0
61,4,17,3,1
839,6,0,8,1
32,1,3,1,0
240,0,2,1,0
132,2,2,6,0
230,3,14,7,1
622,5,1,7,1
414,5,2,7,1
242,1,1,4,0
188,0,0,2,0
260,1,1,1,0
189,2,3,1,0
81,0,0,1,0
125,2,0,2,0
45,0,2,2,0
381,3,24,3,1
162,2,3,1,0
189,1,2,1,0
76,2,2,2,0
344,0,3,1,0
79,0,8,6,0
159,5,1,2,0
623,3,7,2,1
114,7,11,3,1
869,2,18,1,1
901,3,28,6,1
215,1,1,0,0
757,9,12,7,1
203,2,3,1,0
296,2,28,9,1
50,2,23,7,1
469,4,3,5,1
180,7,21,4,1
259,0,3,1,0
895,5,21,4,1
788,3,0,8,1
793,4,1,2,1
688,9,28,9,1
451,10,30,6,1
172,3,2,2,0
395,0,0,3,0
878,5,4,5,1
114,4,6,7,1
227,1,0,4,0
92,2,5,1,1
522,9,16,10,1
281,2,7,2,0
613,8,15,4,1
21,2,3,1,0
102,1,1,1,0
314,6,26,10,1
224,4,26,2,1
101,8,29,7,1
60,3,25,9,1
395,5,3,10,1
325,6,3,8,1
76,3,19,7,1
343,5,0,4,1
235,8,2,3,1
118,0,1,5,1
197,0,2,0,0
85,1,3,3,0
153,8,24,5,1
164,10,16,8,1
468,1,4,1,0
75,0,2,1,0
27,0,1,2,0
161,2,1,1,0
299,2,6,7,1
464,5,0,2,0
56,4,30,8,1
243,2,2,2,0
150,0,3,2,0
96,1,0,2,0
629,4,8,3,1
218,2,0,4,0
328,0,12,6,1
531,3,25,3,1
208,0,0,0,0
846,3,22,7,1
92,0,3,1,0
352,5,23,4,1
479,2,2,5,0
467,8,1,8,1
485,1,2,1,0
48,5,9,1,0
167,3,29,3,1
103,4,0,2,0
158,1,3,0,0
100,0,2,6,0
290,1,7,1,0
93,4,0,6,0
364,10,24,8,1
188,9,12,6,1
180,10,23,6,1
174,7,12,10,1
820,3,20,6,1
20,3,2,1,0
97,2,29,10,1
62,2,10,1,0
140,10,18,9,1
124,4,1,5,1
799,9,1,8,1
804,10,15,3,1
640,4,2,0,1
184,2,10,2,0
66,3,18,8,1
546,0,22,7,1
56,3,1,2,0
100,2,0,2,0
94,1,2,0,0
314,2,8,0,0
98,5,14,5,1
956,9,10,10,1
332,7,5,6,1
614,0,16,5,1
290,8,6,7,1
49,1,2,1,0
250,1,4,1,0
913,8,3,8,1
55,2,1,0,0
138,9,5,9,1
200,2,1,2,0
85,9,7,3,1
156,2,11,10,1
122,4,20,8,1
285,2,3,1,0
753,8,11,8,1
231,4,0,1,0
476,8,18,9,1
758,2,21,3,1
174,2,1,1,0
251,1,0,0,0
171,0,1,0,0
65,0,4,2,0
199,2,14,6,1
239,2,0,0,0
105,10,15,3,1
504,2,29,7,1
162,7,30,10,1
198,5,27,0,1
419,8,8,6,1
256,2,3,1,0
93,1,0,2,0
395,1,3,4,0
239,2,2,2,0
148,2,7,1,0
408,0,24,8,1
292,1,2,1,0
736,5,29,9,1
283,0,0,1,0
791,8,19,8,1
221,0,2,1,0
383,10,10,1,1
33,1,3,1,0
137,10,2,2,1
790,3,24,0,1
198,4,27,10,1
64,5,9,2,1
157,2,0,2,0
312,2,2,2,0
94,3,2,2,0
289,0,0,0,0
300,2,1,4,0
233,0,0,1,0
986,5,27,5,1
47,0,0,1,0
269,2,0,5,0
192,10,23,6,1
238,0,10,0,0
147,1,3,0,0
936,3,29,4,1
90,8,23,6,1
301,10,3,6,1
206,1,1,2,0
279,2,2,5,0
579,3,7,10,1
82,3,17,6,1
264,2,1,0,0
215,2,1,1,0
162,5,23,8,1
40,2,8,1,0
744,7,17,0,1
37,2,2,2,0
575,5,29,3,1
721,3,27,3,1
440,1,3,2,0
216,1,0,1,0
128,1,24,1,1
235,0,1,3,0
37,1,3,2,0
212,3,19,7,1
182,0,1,1,0
280,2,2,2,0
860,6,26,8,1
232,1,2,2,0
134,4,3,1,0
558,6,0,10,1
337,9,25,4,1
352,2,0,5,0
781,10,3,0,1
288,0,3,1,0
371,2,9,5,1
241,0,0,3,0
340,2,9,8,1
392,6,28,9,1
850,2,7,9,1
313,1,2,1,0
383,1,1,0,0
128,1,3,0,0
193,4,1,2,0
179,0,1,2,0
104,3,3,8,1
137,2,30,10,1
156,1,1,1,0
414,1,1,0,0
65,7,28,10,1
97,2,2,0,0
58,4,3,2,0
733,3,0,5,1
163,0,0,2,0
273,4,6,8,1
175,2,2,2,0
814,0,7,9,1
60,0,9,4,0
243,1,1,0,0
843,5,8,5,1
254,0,0,1,0
177,3,19,4,1
434,0,1,4,0
832,4,16,1,1
513,4,4,1,1
145,2,2,0,0
241,2,19,3,1
288,1,2,4,0
237,1,0,1,0
137,2,2,2,0
68,0,0,2,0
151,1,0,1,0
195,1,0,0,0
202,1,3,0,0
281,1,2,1,0
47,2,0,2,0
274,2,2,2,0
57,1,2,4,0
20,1,1,2,0
612,10,20,4,1
224,0,3,2,0
360,2,27,8,1
820,10,5,9,1
35,0,1,0,0
176,1,1,2,0
105,2,8,0,0
438,7,5,6,1
780,3,7,8,1
225,2,8,2,0
864,9,29,4,1
965,3,14,8,1
767,5,4,6,1
108,1,2,0,0
897,4,8,3,1
140,0,2,1,0
813,9,11,0,1
673,1,19,3,1
156,3,9,5,1
949,8,19,9,1
768,5,18,3,1
565,7,15,5,1
721,3,5,0,1
193,2,1,1,1
83,10,5,4,1
134,4,29,7,1
58,2,1,0,0
165,1,10,1,0
635,2,9,6,1
210,0,3,0,0
955,8,16,10,1
33,1,2,2,0
143,0,5,8,1
376,0,7,5,1
223,0,0,2,0
28,4,0,0,0
805,10,3,1,1
167,2,12,7,1
102,2,0,0,0
280,2,2,2,0
39,1,2,0,0
31,0,3,1,0
389,1,27,2,1
583,2,10,6,1
937,4,8,4,1
247,1,1,4,0
57,3,24,6,1
164,2,3,1,0
139,0,3,1,0
197,6,14,4,1
281,1,1,2,0
149,1,0,0,0
977,3,5,6,1
83,4,2,0,0
511,3,15,10,1
165,1,3,2,0
71,1,24,9,1
222,2,0,5,0
142,4,0,0,0
473,1,0,1,0
541,7,1,3,1
476,2,3,3,0
420,2,20,5,1
317,3,24,3,1
956,6,5,7,1
137,2,0,6,1
118,9,10,5,1
187,2,0,2,0
181,1,3,0,0
357,6,15,7,1
795,5,14,1,1
127,9,2,7,1
272,2,3,0,0
962,10,24,3,1
121,8,10,8,1
715,6,26,5,1
71,2,0,2,0
380,4,4,7,1
169,0,2,1,0
246,1,7,0,0
248,2,1,2,0
599,7,9,9,1
678,9,16,3,1
440,3,25,0,1
282,4,26,6,1
33,1,2,1,0
239,1,3,6,0
65,3,2,7,1
328,2,23,3,1
865,2,14,4,1
298,0,1,1,0
95,6,8,7,1
380,1,0,1,0
292,7,3,10,1
21,1,7,3,0
220,9,24,2,1
589,8,20,6,1
362,8,23,8,1
217,2,1,2,0
350,6,3,5,1
149,2,8,0,0
170,6,25,1,1
37,1,2,2,0
135,2,2,1,0
505,10,3,6,1
59,5,3,1,0
146,0,3,0,0
275,2,0,0,0
181,2,0,2,0
76,0,7,6,0
655,1,28,3,1
213,1,0,0,0
213,7,7,2,1
88,3,2,2,0
237,0,6,0,0
162,0,0,0,0
160,1,2,2,0
691,3,26,3,1
840,7,24,5,1
930,0,5,7,1
242,2,2,2,0
928,6,10,9,1
622,9,22,7,1
425,0,2,1,0
871,8,6,6,1
633,1,19,2,1
148,3,0,1,0
871,8,5,4,1
108,0,0,9,1
237,0,3,2,0
78,1,1,2,0
111,0,1,6,0
308,3,19,3,1
121,1,2,3,0
90,3,7,5,1
230,0,3,2,0
275,0,1,3,0
748,10,17,1,1
84,0,0,0,0
456,3,11,10,1
182,4,7,8,1
184,1,0,8,1
88,9,27,6,1
74,2,3,4,0
944,7,0,4,1
271,2,2,0,0
613,8,12,8,1
192,3,13,5,1
504,3,0,10,1
309,2,26,7,1
255,1,1,0,0
878,7,25,3,1
65,2,8,0,0
385,4,2,6,1
356,10,17,4,1
665,3,4,10,1
236,1,10,2,0
726,2,22,4,1
163,2,3,0,0
388,7,1,8,1
647,5,17,10,1
338,0,0,0,0
60,1,2,2,0
960,9,19,8,1
80,3,1,6,0
54,2,11,5,1
151,2,3,6,0
113,6,18,3,1
70,5,13,6,1
730,4,15,0,1
409,0,3,3,0
470,3,22,10,1
275,0,0,3,0
375,3,3,3,1
908,2,29,9,1
167,2,3,4,0
201,1,0,2,0
143,4,5,4,1
777,2,5,4,1
477,10,15,8,1
164,2,0,0,0
209,0,2,1,0
815,2,13,7,1
943,10,24,9,1
211,1,0,0,0
195,2,3,0,0
818,4,7,5,1
819,9,15,4,1
267,2,1,0,0
244,2,1,7,1
177,2,2,1,0
216,0,8,2,0
183,5,24,9,1
51,0,2,0,0
23,1,2,0,0
220,2,0,1,0
363,2,0,0,0
988,6,0,3,1
161,5,5,0,0
305,2,6,10,1
205,0,0,2,0
629,7,29,10,1
394,3,4,3,1
140,0,2,1,0
615,9,12,4,1
429,9,27,9,1
110,5,0,2,0
178,1,1,1,0
573,10,30,3,1
78,8,17,10,1
37,0,1,2,0
158,3,0,1,0
271,2,4,0,0
281,1,2,0,0
142,0,0,2,0
101,5,0,8,1
134,0,2,5,0
242,1,1,2,0
514,5,7,10,1
79,4,20,3,1
138,5,2,1,0
192,3,9,9,1
210,2,1,0,0
215,1,5,2,0
400,3,29,8,1
180,5,7,10,1
473,10,11,4,1
239,0,1,2,0
72,7,7,1,1
258,0,3,2,0
46,1,3,6,0
874,1,1,5,1
95,5,3,7,1
184,1,2,0,0
297,2,0,1,0
475,7,15,10,1
38,0,0,2,0
207,0,2,0,0
664,10,6,7,1
490,0,1,6,0
184,2,0,6,0
699,4,11,10,1
239,2,1,4,0
336,2,9,9,1
848,8,0,3,1
264,0,0,2,0
111,0,3,3,0
603,10,11,3,1
794,2,11,9,1
165,4,3,1,0
214,0,2,3,0
515,3,9,1,1
364,6,20,3,1
297,0,2,2,0
792,3,28,9,1
686,5,23,9,1
58,9,6,4,1
414,3,26,10,1
999,3,2,9,1
82,2,2,1,0
955,8,30,7,1
632,5,29,5,1
141,9,5,1,1
242,2,3,5,0
274,2,2,5,1
279,2,0,2,0
185,2,1,1,0
309,3,3,10,1
846,3,16,5,1
242,2,3,0,0
327,2,0,10,1
567,5,16,3,1
219,2,9,2,0
252,2,2,2,0
128,5,4,3,1
928,9,5,4,1
311,9,29,3,1
306,0,26,10,1
735,7,30,1,1
115,6,20,3,1
283,2,3,1,0
338,2,2,0,0
871,3,10,8,1
483,6,21,10,1
241,5,26,3,1
166,1,2,4,0
169,1,0,6,0
250,1,3,2,0
291,4,1,10,1
202,2,2,0,0
240,1,0,2,0
122,4,0,4,0
474,6,7,7,1
120,1,3,0,0
68,2,2,0,0
195,5,1,1,0
100,1,0,0,0
175,0,0,1,0
707,3,23,8,1
284,2,3,1,0
505,4,25,6,1
170,0,3,1,0
50,9,7,5,1
113,3,3,1,0
197,5,0,5,0
47,1,8,1,0
85,5,1,1,0
418,0,2,2,0
140,1,5,4,0
652,10,12,6,1
174,4,3,4,0
385,3,25,8,1
397,1,1,2,0
167,3,4,4,1
417,4,4,8,1
359,9,7,8,1
245,5,28,7,1
152,5,0,1,0
301,1,9,2,0
154,2,2,2,0
186,8,1,7,1
326,8,11,4,1
126,4,1,7,1
257,2,0,1,0
236,2,1,2,0
174,2,2,3,0
560,9,11,0,1
201,2,16,8,1
943,7,30,4,1
948,5,26,1,1
633,8,19,7,1
967,3,28,3,1
253,0,3,0,0
81,1,1,2,0
184,0,1,3,0
958,2,2,4,1
209,2,0,1,0
200,1,5,1,0
148,2,1,1,0
178,2,18,5,1
151,9,23,6,1
249,0,3,2,0
802,4,10,4,1
559,5,28,9,1
99,0,0,2,0
113,4,0,0,0
704,5,30,2,1
268,0,2,2,0
195,1,2,2,0
55,7,22,10,1
686,8,14,10,1
240,0,0,2,0
168,0,0,1,0
245,0,2,3,0
50,1,1,0,0
142,9,3,5,1
107,1,0,2,0
868,7,3,9,1
165,5,23,0,1
231,4,3,2,0
443,1,28,6,1
933,2,7,3,1
58,2,2,6,0
732,0,5,7,1
147,4,6,3,1
261,1,3,0,0
124,9,7,5,1
849,2,8,1,1
401,0,3,2,0
694,2,16,7,1
975,5,27,5,1
392,0,19,1,1
218,2,5,0,0
210,10,21,4,1
245,5,6,7,1
121,7,29,3,1
937,3,20,4,1
61,8,7,4,1
51,5,7,2,0
784,4,19,9,1
88,5,3,5,0
172,1,2,4,0
274,2,0,1,0
105,1,2,2,0
431,4,5,5,1
412,1,2,2,0
768,7,19,3,1
295,0,2,1,0
953,8,14,3,1
532,7,25,4,1
260,1,1,0,0
310,0,2,8,1
971,10,19,4,1
106,10,11,10,1
268,0,2,1,0
506,4,12,7,1
703,4,6,10,1
93,0,0,4,0
39,0,4,0,0
456,0,5,1,0
153,4,3,2,0
791,2,30,1,1
176,2,1,2,0
866,7,5,8,1
130,2,11,3,1
470,2,0,3,0
261,1,4,1,0
109,2,10,0,1
158,1,2,2,0
217,8,0,10,1
191,2,0,2,0
253,2,3,2,0
789,0,14,0,1
759,2,1,2,1
436,10,10,1,1
930,0,8,7,1
375,3,23,9,1
272,1,2,1,0
89,1,3,2,0
408,2,21,0,1
142,0,0,1,0
113,10,9,6,1
205,1,0,5,0
185,2,21,6,1
367,3,2,2,0
710,9,14,0,1
78,5,3,2,0
190,3,2,4,0
193,1,1,1,0
496,2,2,2,0
153,8,6,6,1
466,0,28,9,1
368,2,26,9,1
174,0,3,6,0
440,10,5,7,1
186,0,4,0,0
361,9,25,9,1
935,5,18,9,1
644,8,15,4,1
246,0,1,2,0
739,6,30,6,1
262,2,2,2,0
133,2,1,0,0
169,0,0,2,0
103,10,5,7,1
888,2,8,5,1
112,2,2,0,0
183,9,5,9,1
807,7,22,4,1
107,2,2,1,0
743,6,7,0,1
96,7,5,10,1
205,4,3,3,1
165,2,3,5,0
204,3,1,2,0
121,0,0,2,0
124,1,1,2,0
106,1,0,2,0
97,4,15,10,1
161,4,8,8,1
45,2,1,5,0
255,2,0,0,0
572,0,5,5,1
107,6,14,3,1
151,1,0,6,0
893,9,6,10,1
226,2,0,1,0
286,4,3,2,0
132,0,1,0,0
405,1,1,2,0
145,1,2,0,0
89,2,1,0,0
242,3,1,6,0
61,0,10,3,0
163,2,0,0,0
137,3,3,2,0
138,5,14,0,1
409,5,16,2,1
277,3,0,1,0
204,1,1,0,0
706,6,7,4,1
410,0,0,2,0
228,1,0,0,0
133,0,10,2,0
35,5,3,1,0
728,2,22,3,1
84,4,2,2,0
302,7,15,0,1
531,0,6,3,1
289,0,0,0,0
137,2,0,0,0
20,1,3,0,0
658,6,27,10,1
85,2,0,2,0
170,2,9,10,1
214,4,19,9,1
29,2,3,5,0
881,2,15,6,1
211,1,2,1,0
161,3,26,8,1
79,4,25,6,1
812,10,6,3,1
68,2,3,2,0
28,0,1,0,0
218,1,6,2,0
168,1,2,0,0
82,3,26,9,1
126,3,21,9,1
495,0,2,6,0
87,2,2,1,0
106,7,11,1,1
331,3,8,10,1
243,1,1,5,0
179,2,10,0,0
84,2,0,3,1
553,1,6,3,1
64,2,0,5,0
136,4,1,2,0
396,4,16,4,1
909,4,25,4,1
157,2,16,10,1
67,7,22,9,1
107,10,11,1,1
297,5,2,0,0
382,4,1,6,0
151,1,3,6,0
379,0,3,2,0
211,10,8,5,1
190,9,22,8,1
891,3,10,7,1
543,1,4,10,1
94,0,0,0,0
256,3,23,4,1
959,2,30,3,1
66,3,26,9,1
189,2,26,1,1
810,7,8,9,1
875,2,21,7,1
834,0,9,6,1
121,10,19,0,1
203,0,2,6,0
474,9,19,7,1
554,0,28,10,1
124,1,9,0,0
306,5,8,0,0
529,5,9,7,1
103,4,3,7,1
631,6,22,0,1
297,2,0,2,0
782,1,14,5,1
204,1,1,3,0
409,2,15,3,1
910,9,9,5,1
180,0,25,10,1
332,10,13,1,1
154,3,27,0,1
193,6,5,2,1
129,0,3,6,0
732,2,13,3,1
278,2,3,1,0
249,1,3,1,0
210,2,3,4,0
867,1,3,4,1
144,0,2,2,0
176,0,7,6,0
177,2,3,0,0
159,0,23,0,1
356,10,3,9,1
243,0,3,2,0
261,6,5,5,1
54,5,12,7,1
651,10,1,9,1
53,2,0,2,0
147,4,2,4,1
204,1,2,0,0
123,2,2,0,0
853,10,18,3,1
828,4,17,1,1
682,4,16,3,1
174,4,7,2,0
108,1,3,2,0
190,9,18,8,1
324,1,10,3,1
693,9,26,2,1
299,1,2,2,0
180,1,1,2,0
82,2,3,2,0
29,1,2,1,0
600,5,24,8,1
137,0,3,1,0
170,6,6,8,1
832,6,25,1,1
276,1,7,2,0
282,0,1,4,0
38,1,6,1,0
449,2,0,8,1
706,7,27,7,1
475,2,1,1,0
208,2,1,1,0
425,6,2,5,1
343,4,13,7,1
142,3,26,9,1
493,2,5,1,0
416,3,5,8,1
242,0,5,1,0
231,0,4,2,0
184,5,27,10,1
345,3,3,1,0
129,2,1,1,0
220,2,1,1,0
593,5,3,10,1
270,2,5,2,1
652,5,3,3,1
999,6,11,6,1
491,1,10,3,0
374,3,17,3,1
169,0,8,6,0
21,2,1,1,0
257,3,1,1,0
428,3,25,0,1
128,2,8,3,1
602,10,16,6,1
616,4,30,5,1
97,8,9,4,1
172,2,1,1,0
178,0,9,6,0
251,1,1,0,0
223,0,0,0,0
20,2,2,0,0
40,2,3,2,0
180,2,0,1,0
122,8,12,8,1
366,2,1,1,0
422,7,2,7,1
418,1,21,6,1
73,2,4,1,0
130,2,0,0,0
151,0,0,5,0
131,7,20,10,1
56,1,4,0,0
113,0,2,4,0
889,9,11,6,1
146,0,2,0,0
62,2,3,0,0
87,10,9,8,1
846,0,4,4,1
213,1,3,0,0
637,3,30,1,1
126,2,0,2,0
72,2,3,2,0
105,1,2,0,0
957,1,9,2,1
515,3,2,3,1
900,7,17,5,1
508,5,24,8,1
731,0,21,3,1
469,0,10,3,1
443,0,3,1,0
173,9,11,1,1
269,2,3,2,0
102,4,27,10,1
243,10,23,7,1
152,2,1,2,0
638,5,29,8,1
188,2,1,1,0
460,2,13,8,1
130,1,1,0,0
114,7,5,7,1
231,8,6,7,1
165,0,1,1,0
163,1,0,1,0
181,7,30,6,1
282,4,26,6,1
409,10,25,4,1
166,2,7,1,0
505,5,7,10,1
695,3,25,10,1
156,8,24,2,1
273,0,1,2,0
174,0,24,4,1
127,1,1,1,0
127,0,0,2,0
523,7,18,7,1
415,6,29,6,1
257,1,1,2,0
430,8,18,6,1
349,7,4,1,1
716,4,9,8,1
487,5,3,2,0
168,5,5,3,1
35,2,0,2,0
243,2,0,0,0
254,1,2,2,0
652,8,3,6,1
151,4,0,6,1
272,0,3,0,0
640,2,29,7,1
288,5,1,2,0
507,0,21,8,1
127,4,3,1,0
188,2,9,3,0
247,2,3,2,0
46,1,5,1,0
124,1,2,1,0
185,1,0,7,1
256,6,7,2,1
132,1,0,0,0
938,5,30,7,1
188,7,10,7,1
763,6,1,3,1
139,5,3,2,0
119,9,9,10,1
45,0,1,2,0
120,0,2,0,0
218,1,3,2,0
513,2,23,3,1
45,0,2,0,0
333,2,0,2,0
232,6,29,9,1
90,7,17,8,1
858,10,30,6,1
169,1,2,6,0
435,0,1,2,0
168,2,1,4,0
118,8,3,0,1
383,8,0,0,1
823,5,9,9,1
302,2,1,0,0
300,1,4,1,0
895,2,23,2,1
358,1,17,1,1
75,0,2,10,1
303,2,12,9,1
892,6,8,6,1
261,0,0,4,0
70,2,0,1,0
196,1,1,2,0
118,2,6,8,1
521,4,14,8,1
65,7,15,6,1
145,0,0,1,0
277,0,1,1,0
274,4,3,4,0
27,0,2,0,0
446,0,2,0,0
451,2,5,3,1
943,10,7,7,1
363,1,1,2,0
865,5,7,3,1
354,5,6,4,1
119,2,9,6,1
181,8,6,6,1
141,1,1,1,0
307,7,7,3,1
45,2,3,2,0
82,1,3,2,0
160,8,6,1,1
756,3,28,9,1
63,0,17,4,1
67,8,23,7,1
307,4,26,10,1
677,4,25,3,1
138,0,0,2,0
836,1,24,8,1
533,4,5,5,1
419,2,10,3,1
110,1,18,9,1
718,5,11,9,1
113,4,1,5,0
663,8,21,6,1
244,2,1,2,0
962,10,8,3,1
38,1,2,1,0
209,4,2,4,1
25,4,0,5,0
116,10,5,0,1
275,2,3,0,0
704,2,9,10,1
40,1,5,0,0
408,1,0,1,0
223,0,6,0,0
221,1,5,2,0
863,2,22,10,1
200,5,3,2,0
227,2,4,1,0
233,5,1,2,0
174,0,2,1,0
197,2,3,1,0
266,1,3,0,0
154,9,25,10,1
31,0,2,5,0
145,2,7,2,0
140,8,15,5,1
132,3,5,10,1
80,0,2,6,0
221,1,4,1,0
123,1,2,0,0
121,1,3,6,0
532,4,26,3,1
101,4,0,5,1
937,2,10,7,1
330,10,10,5,1
199,0,2,4,0
275,0,9,1,0
153,1,1,1,0
830,5,29,5,1
482,6,10,4,1
249,0,3,2,0
77,5,2,1,0
204,1,0,6,0
230,1,2,2,0
299,1,8,2,0
207,0,0,2,0
162,0,3,1,0
233,3,26,5,1
29,1,1,1,0
190,6,13,6,1
253,2,0,0,0
151,0,4,2,0
148,0,1,6,0
49,2,3,2,0
908,3,10,5,1
215,2,0,4,0
270,1,2,0,0
62,1,1,0,0
616,3,8,7,1
248,3,19,6,1
953,8,9,4,1
453,1,0,1,0
93,9,22,1,1
34,1,1,1,0
352,0,3,0,0
168,4,13,2,1
699,2,24,5,1
205,1,1,1,0
292,5,2,1,0
769,3,2,6,1
637,4,7,9,1
49,0,3,2,0
143,4,21,2,1
983,3,14,5,1
54,1,3,3,0
245,2,2,2,0
454,3,7,2,1
161,0,2,0,0
941,5,16,4,1
176,5,4,4,1
254,0,1,2,0
213,2,9,1,0
31,1,2,1,0
266,0,0,3,0
441,0,3,2,0
714,3,5,4,1
375,2,0,0,0
217,1,2,1,0
393,5,8,10,1
133,2,0,0,0
721,5,19,1,1
168,3,18,7,1
958,8,11,2,1
652,2,9,6,1
52,2,0,0,0
172,2,0,1,0
150,0,10,0,0
196,0,9,6,1
92,1,3,1,0
131,8,10,3,1
355,1,27,6,1
169,2,0,2,0
748,3,22,10,1
308,1,3,6,0
267,3,1,6,0
224,5,3,1,0
152,5,23,6,1
108,0,1,6,0
688,8,6,1,1
659,2,27,3,1
142,2,1,0,0
45,1,2,1,0
172,4,18,7,1
275,0,8,4,0
183,6,22,6,1
297,9,14,3,1
83,5,1,2,0
302,6,21,8,1
460,3,15,4,1
93,0,3,2,0
269,0,0,0,0
78,2,0,2,0
271,4,4,2,0
470,3,5,5,1
374,10,30,5,1
165,0,10,1,0
40,2,1,1,0
144,2,3,1,0
129,9,5,3,1
579,9,17,7,1
202,0,2,0,0
121,10,23,7,1
290,10,18,0,1
226,0,2,2,0
183,2,0,5,0
184,2,4,1,0
270,0,4,5,0
863,10,0,7,1
445,0,3,2,0
498,8,17,10,1
528,4,17,7,1
797,9,9,6,1
170,2,9,2,0
157,8,0,10,1
178,3,1,0,0
329,3,1,2,0
958,2,19,4,1
708,3,7,8,1
212,2,3,1,0
569,3,1,8,1
865,4,1,10,1
134,5,3,10,1
241,2,2,2,0
179,4,13,10,1
869,7,12,0,1
170,5,21,6,1
299,0,8,0,0
114,10,28,9,1
430,8,16,3,1
80,3,1,0,0
37,0,2,0,0
528,9,16,9,1
872,5,0,10,1
79,0,3,2,0
164,1,3,1,0
90,1,3,2,0
87,3,0,2,0
286,3,23,3,1
60,6,7,8,1
291,5,1,0,0
92,3,17,5,1
745,2,10,8,1
270,1,3,4,0
55,2,0,1,0
76,5,0,2,0
83,1,0,0,0
995,2,16,7,1
331,2,1,1,0
583,4,19,4,1
870,7,1,10,1
170,2,2,2,0
217,0,3,0,0
109,1,1,0,0
166,9,29,7,1
479,1,0,1,0
325,9,11,5,1
211,4,1,0,0
567,1,16,4,1
20,2,3,0,0
809,2,5,6,1
205,1,8,0,0
32,1,2,0,0
821,8,7,7,1
484,0,28,4,1
731,10,3,0,1
239,1,8,1,0
476,10,11,8,1
156,2,1,0,0
194,3,19,3,1
153,2,29,4,1
168,1,0,1,0
142,1,21,0,1
47,5,0,0,0
59,1,3,2,0
247,3,3,8,1
156,2,3,2,0
325,1,0,2,0
212,5,1,3,0
251,3,4,2,0
330,2,0,2,1
277,2,1,2,0
46,0,7,0,0
42,1,1,2,0
85,9,0,7,1
82,10,8,0,1
402,2,3,2,0
214,0,7,1,0
840,1,16,5,1
89,4,2,2,0
178,7,19,9,1
653,9,30,9,1
585,9,9,0,1
72,2,1,2,0
740,9,17,3,1
364,3,23,6,1
384,2,1,0,0
403,0,2,0,0
577,6,1,5,1
163,2,25,3,1
45,2,3,4,0
109,2,1,2,0
803,10,1,8,1
298,2,1,6,0
994,9,20,1,1
202,1,1,2,0
344,8,14,4,1
233,0,3,2,0
51,2,4,2,0
224,2,3,2,0
155,1,1,6,0
872,7,1,10,1
74,2,3,0,0
394,1,2,2,0
172,9,2,6,1
224,5,7,0,0
247,8,8,8,1
256,1,1,2,0
188,2,17,9,1
158,2,1,2,0
611,4,21,5,1
382,1,14,0,1
179,2,20,0,1
623,3,15,10,1
862,3,2,4,1
55,2,3,2,0
103,2,2,2,0
491,3,2,2,0
903,5,5,3,1
543,10,9,8,1
458,5,22,9,1
72,2,17,1,1
364,10,11,1,1
60,1,0,0,0
349,8,7,2,1
210,0,1,1,0
56,10,7,4,1
196,1,0,6,0
59,0,1,2,0
662,5,6,7,1
295,3,1,2,0
293,2,1,1,0
156,3,11,6,1
167,5,1,1,0
95,5,1,0,0
427,1,1,5,0
62,7,21,7,1
149,1,8,10,1
217,2,1,1,0
231,1,20,5,1
639,2,2,5,1
153,2,0,4,0
755,10,26,5,1
234,4,29,5,1
701,1,23,7,1
424,10,1,7,1
984,4,17,9,1
308,0,2,2,0
965,10,10,8,1
371,4,7,6,1
172,0,0,6,0
223,1,6,3,0
885,3,14,5,1
992,9,18,3,1
223,9,30,1,1
107,1,1,0,0
118,1,3,0,0
42,1,3,1,0
475,1,16,4,1
198,7,22,8,1
142,0,2,0,0
88,1,5,1,0
130,1,2,5,0
96,1,0,0,0
389,2,18,5,1
59,2,0,0,0
220,3,13,3,1
855,4,3,10,1
214,5,29,4,1
38,1,3,2,0
187,0,2,2,0
39,0,3,1,0
127,5,23,10,1
209,3,0,6,0
882,1,18,9,1
295,2,1,3,0
272,1,3,0,0
624,9,11,9,1
212,9,26,7,1
68,8,2,8,1
394,9,3,8,1
192,1,9,2,0
121,6,20,9,1
295,0,3,1,0
343,0,30,10,1
346,1,4,5,0
157,2,24,6,1
402,2,3,2,0
30,1,3,0,0
910,7,24,4,1
156,2,2,1,0
173,2,3,0,0
26,3,2,5,0
43,0,1,1,0
131,2,27,10,1
423,1,0,0,0
625,3,2,10,1
86,2,1,2,0
474,8,23,6,1
185,3,3,3,0
458,2,2,2,0
244,6,6,3,1
208,2,8,1,0
107,2,2,6,0
656,9,13,3,1
184,8,2,6,1
156,4,4,0,1
605,7,16,7,1
335,4,21,9,1
293,1,2,1,0
31,2,2,0,0
293,10,19,2,1
286,1,10,2,0
247,5,2,1,0
595,0,27,6,1
281,1,4,6,0
89,2,3,1,0
286,0,3,2,0
211,1,0,5,0
67,5,2,2,0
878,2,4,7,1
279,6,10,7,1
63,1,0,2,0
215,0,0,0,0
481,7,6,4,1
155,4,15,10,1
289,1,2,0,0
134,2,22,9,1
230,0,2,5,0
31,0,8,4,0
56,9,11,8,1
62,10,1,9,1
629,9,7,2,1
285,0,1,0,0
243,1,3,0,0
218,3,12,10,1
545,7,19,3,1
297,2,1,2,0
351,10,7,4,1
794,2,6,9,1
200,2,6,0,0
177,4,3,5,0
502,2,4,5,1
565,6,7,7,1
141,1,2,3,1
89,10,28,4,1
474,7,27,5,1
101,1,14,6,1
129,2,21,7,1
76,3,5,9,1
53,2,16,6,1
154,4,28,7,1
204,2,3,0,0
288,5,0,1,0
78,9,29,9,1
154,2,23,9,1
359,0,1,6,1
70,7,1,8,1
263,2,3,0,0
78,0,7,1,0
114,8,4,2,1
181,0,2,2,0
679,7,14,7,1
221,7,1,6,1
553,4,25,4,1
451,2,19,3,1
177,0,1,1,0
22,0,3,3,0
36,2,2,6,0
718,7,26,3,1
277,1,1,0,0
431,6,15,9,1
162,8,12,8,1
119,0,27,7,1
265,2,6,6,0
152,1,3,2,0
346,0,2,9,1
110,4,29,8,1
391,4,22,4,1
39,0,0,0,0
533,1,30,5,1
36,2,1,0,0
172,0,0,3,0
289,9,4,10,1
183,5,23,0,1
117,2,29,9,1
208,2,15,0,1
67,1,0,4,0
819,8,14,7,1
388,7,24,2,1
629,9,21,1,1
100,3,21,1,1
258,2,2,4,0
905,4,5,8,1
593,4,20,3,1
810,7,16,4,1
182,1,0,0,0
63,1,2,0,0
641,10,14,3,1
183,2,9,0,0
610,4,25,3,1
292,1,0,1,0
78,2,3,2,0
116,5,24,10,1
76,9,14,10,1
295,2,2,1,0
226,2,2,0,0
849,2,10,5,1
235,10,5,2,1
192,9,13,8,1
207,4,3,0,0
62,1,5,1,0
745,2,5,7,1
706,1,6,4,1
247,1,7,6,1
244,3,1,2,0
94,1,3,0,0
219,2,7,1,0
59,1,0,1,0
286,3,2,2,0
71,2,8,2,0
137,7,3,1,1
438,1,3,5,0
28,1,2,2,0
351,2,23,0,1
269,0,1,0,0
498,7,10,5,1
957,1,10,3,1
568,8,20,0,1
120,5,2,1,0
333,2,2,4,0
433,1,2,2,0
990,4,2,3,1
140,2,20,3,1
158,2,4,1,0
106,2,5,10,1
284,0,3,6,0
446,0,4,2,0
248,0,5,4,0
84,3,7,2,0
260,2,2,0,0
637,8,26,10,1
179,4,1,2,0
105,1,2,1,0
23,0,3,2,0
88,4,0,1,0
792,6,28,7,1
341,4,27,3,1
193,2,0,8,1
322,0,2,4,0
363,1,2,0,0
202,1,1,2,0
25,2,3,1,0
769,10,3,5,1
185,0,3,1,0
35,2,2,5,0
97,7,4,6,1
180,9,3,10,1
269,0,7,0,0
33,0,1,1,0
209,1,2,2,0
39,2,5,1,0
232,2,4,2,0
259,2,0,2,0
232,0,0,1,0
327,0,3,0,0
43,2,1,1,0
797,8,20,6,1
727,8,11,8,1
636,7,21,7,1
857,7,6,9,1
546,4,7,4,1
715,9,28,5,1
396,8,24,2,1
686,6,20,7,1
912,10,5,0,1
263,1,4,2,0
268,0,0,2,0
174,2,2,2,0
164,2,4,2,0
62,1,1,2,0
21,0,1,1,0
127,2,2,5,0
376,2,26,7,1
421,7,17,5,1
919,0,16,8,1
124,2,29,5,1
266,0,0,0,0
62,0,1,1,0
487,5,6,3,1
328,1,2,1,0
130,6,23,4,1
718,6,8,4,1
366,0,5,0,0
513,5,21,8,1
112,2,5,0,0
137,4,2,0,0
663,6,22,9,1
60,1,0,0,0
247,1,2,2,0
169,0,4,1,0
239,2,26,10,1
414,8,11,10,1
125,1,0,0,0
740,8,14,6,1
997,0,6,6,1
226,1,6,2,0
194,2,2,4,0
732,6,27,7,1
258,2,1,4,1
70,4,5,6,1
92,3,29,10,1
714,10,19,3,1
163,2,3,2,0
412,6,6,4,1
166,4,1,2,0
131,5,10,2,1
279,2,1,1,0
421,10,9,3,1
959,3,13,10,1
542,2,12,3,1
268,4,1,1,0
139,8,2,0,1
418,1,1,2,0
737,2,4,7,1
158,0,11,6,1
100,7,21,6,1
428,9,5,2,1
128,2,1,3,1
250,10,0,4,1
226,2,3,2,0
777,3,28,3,1
672,5,13,10,1
50,4,1,1,0
170,2,11,10,1
241,2,10,2,0
111,2,0,3,0
246,2,2,0,0
210,3,2,2,0
476,2,1,9,1
601,7,3,5,1
379,1,0,0,0
841,9,1,1,1
112,1,0,6,0
51,2,24,3,1
410,5,22,9,1
184,0,18,5,1
252,2,26,6,1
455,1,3,0,0
589,2,3,10,1
137,4,3,0,0
155,0,7,0,0
465,6,12,6,1
808,5,4,4,1
911,3,17,4,1
995,10,7,9,1
31,1,0,0,0
132,3,9,9,1
134,9,11,1,1
581,4,0,1,1
477,2,29,3,1
996,9,2,8,1
401,4,20,7,1
193,0,0,2,0
124,0,28,7,1
176,0,3,0,0
429,1,2,2,0
188,0,1,0,0
323,9,20,7,1
250,2,0,1,0
176,3,12,3,1
261,1,3,0,0
154,2,3,5,0
273,2,0,0,0
248,10,3,3,1
271,4,1,0,0
213,0,4,0,0
287,2,4,0,0
303,8,23,8,1
579,3,9,7,1
115,10,29,8,1
197,0,1,2,0
150,2,3,1,0
288,5,3,0,0
825,6,21,8,1
42,1,2,2,0
940,2,9,2,1
121,0,17,4,1
33,2,2,2,0
64,0,2,0,0
74,1,1,1,0
100,1,1,1,0
606,10,17,7,1
519,6,8,6,1
258,0,2,2,0
456,5,13,2,1
209,3,0,0,0
195,5,6,1,1
938,6,0,9,1
203,7,28,3,1
822,2,10,8,1
187,4,18,3,1
138,0,10,9,1
100,1,0,1,0
617,2,14,6,1
73,0,3,1,0
922,6,7,10,1
293,2,0,1,0
